"","city","median_housing_cost"
"1","new_york_city","1549.0"
"2","los_angeles","1529.0"
"3","chicago","1190.0"
"4","dallas","1179.0"
"5","houston","1117.0"
"6","philadelphia","1222.0"
"7","washington_dc","1844.0"
"8","miami","1275.0"
"9","atlanta","1188.0"
"10","boston","1667.0"
"11","san_francisco","2095.0"
"12","phoenix","1150.0"
"13","riverside","1381.0"
"14","detroit","937.0"
"15","seattle","1517.0"
