"","city","median_income"
"1","new_york_city","1549"
"2","los_angeles","1529"
"3","chicago","1190"
"4","dallas","1179"
"5","houston","1117"
"6","philadelphia","1222"
"7","washington_dc","1844"
"8","miami","1275"
"9","atlanta","1188"
"10","boston","1667"
"11","san_francisco","2095"
"12","phoenix","1150"
"13","riverside","1381"
"14","detroit","937"
"15","seattle","1517"
